"teacher_id","is_effective","subject","grade","lesson_id","lesson_size","expression","is_name","is_surname","is_voc","number"
16,TRUE,"russian",6,8,2391,182,FALSE,FALSE,FALSE,0
16,TRUE,"russian",6,8,2391,63,TRUE,FALSE,FALSE,1
16,TRUE,"russian",6,8,2391,108,TRUE,FALSE,FALSE,1
16,TRUE,"russian",6,8,2391,151,FALSE,FALSE,FALSE,1
16,TRUE,"russian",6,8,2391,42,TRUE,FALSE,FALSE,1
16,TRUE,"russian",6,8,2391,151,FALSE,FALSE,FALSE,1
16,TRUE,"russian",6,8,2391,54,TRUE,FALSE,FALSE,1
16,TRUE,"russian",6,8,2391,151,FALSE,FALSE,FALSE,1
16,TRUE,"russian",6,8,2391,108,TRUE,FALSE,FALSE,1
16,TRUE,"russian",6,8,2391,91,TRUE,FALSE,FALSE,1
16,TRUE,"russian",6,8,2391,152,FALSE,FALSE,FALSE,0
16,TRUE,"russian",6,8,2391,63,TRUE,FALSE,FALSE,1
16,TRUE,"russian",6,8,2391,9,TRUE,FALSE,FALSE,1
16,TRUE,"russian",6,8,2391,174,TRUE,FALSE,FALSE,1
16,TRUE,"russian",6,8,2391,168,TRUE,FALSE,FALSE,1
16,TRUE,"russian",6,8,2391,61,TRUE,FALSE,FALSE,1
16,TRUE,"russian",6,8,2391,107,TRUE,FALSE,FALSE,1
16,TRUE,"russian",6,8,2391,42,TRUE,FALSE,FALSE,1
16,TRUE,"russian",6,8,2391,182,FALSE,FALSE,FALSE,0
16,TRUE,"russian",6,8,2391,105,TRUE,FALSE,FALSE,1
16,TRUE,"russian",6,8,2391,63,TRUE,FALSE,FALSE,1
16,TRUE,"russian",6,8,2391,108,TRUE,FALSE,FALSE,1
16,TRUE,"russian",6,8,2391,19,TRUE,FALSE,FALSE,1
16,TRUE,"russian",6,8,2391,182,FALSE,FALSE,FALSE,0
16,TRUE,"russian",6,8,2391,182,FALSE,FALSE,FALSE,0
16,TRUE,"russian",6,8,2391,151,FALSE,FALSE,FALSE,1
16,TRUE,"russian",6,8,2391,168,TRUE,FALSE,FALSE,1
16,TRUE,"russian",6,8,2391,182,FALSE,FALSE,FALSE,0
16,TRUE,"russian",6,8,2391,107,TRUE,FALSE,FALSE,1
16,TRUE,"russian",6,8,2391,182,FALSE,FALSE,FALSE,0
16,TRUE,"russian",6,8,2391,100,TRUE,FALSE,FALSE,1
16,TRUE,"russian",6,8,2391,105,TRUE,FALSE,FALSE,1
16,TRUE,"russian",6,8,2391,182,FALSE,FALSE,FALSE,0
16,TRUE,"russian",6,8,2391,42,TRUE,FALSE,FALSE,1
16,TRUE,"russian",6,8,2391,19,TRUE,FALSE,FALSE,1
16,TRUE,"russian",6,8,2391,54,TRUE,FALSE,FALSE,1
16,TRUE,"russian",6,8,2391,60,TRUE,FALSE,FALSE,1
16,TRUE,"russian",6,8,2391,182,FALSE,FALSE,FALSE,0
16,TRUE,"russian",6,8,2391,61,TRUE,FALSE,FALSE,1
16,TRUE,"russian",6,8,2391,105,TRUE,FALSE,FALSE,1
16,TRUE,"russian",6,8,2391,69,TRUE,FALSE,FALSE,1
16,TRUE,"russian",6,8,2391,107,TRUE,FALSE,FALSE,1
16,TRUE,"russian",6,8,2391,182,FALSE,FALSE,FALSE,0
16,TRUE,"russian",6,8,2391,108,TRUE,FALSE,FALSE,1
16,TRUE,"russian",6,8,2391,181,FALSE,FALSE,TRUE,0
16,TRUE,"russian",6,8,2391,204,FALSE,FALSE,FALSE,1
16,TRUE,"russian",6,8,2391,51,TRUE,FALSE,FALSE,1
16,TRUE,"russian",6,8,2391,205,FALSE,FALSE,FALSE,1
16,TRUE,"russian",6,8,2391,152,FALSE,FALSE,FALSE,0
16,TRUE,"russian",6,8,2391,168,TRUE,FALSE,FALSE,1
16,TRUE,"russian",6,8,2391,42,TRUE,FALSE,FALSE,1
16,TRUE,"russian",6,8,2391,9,TRUE,FALSE,FALSE,1
16,TRUE,"russian",6,8,2391,107,TRUE,FALSE,FALSE,1
16,TRUE,"russian",6,8,2391,63,TRUE,FALSE,FALSE,1
16,TRUE,"russian",6,8,2391,152,FALSE,FALSE,FALSE,0
16,TRUE,"russian",6,8,2391,19,TRUE,FALSE,FALSE,1
16,TRUE,"russian",6,8,2391,182,FALSE,FALSE,FALSE,0
16,TRUE,"russian",6,8,2391,184,FALSE,FALSE,FALSE,0
16,TRUE,"russian",6,8,2391,61,TRUE,FALSE,FALSE,1
16,TRUE,"russian",6,8,2391,106,TRUE,TRUE,FALSE,1
18,TRUE,"russian",6,7,2368,182,FALSE,FALSE,FALSE,0
18,TRUE,"russian",6,7,2368,174,TRUE,FALSE,FALSE,1
18,TRUE,"russian",6,7,2368,155,TRUE,FALSE,FALSE,1
18,TRUE,"russian",6,7,2368,200,TRUE,FALSE,FALSE,1
18,TRUE,"russian",6,7,2368,182,FALSE,FALSE,FALSE,0
18,TRUE,"russian",6,7,2368,174,TRUE,FALSE,FALSE,1
18,TRUE,"russian",6,7,2368,40,TRUE,FALSE,FALSE,1
18,TRUE,"russian",6,7,2368,151,FALSE,FALSE,FALSE,1
18,TRUE,"russian",6,7,2368,155,TRUE,FALSE,FALSE,1
18,TRUE,"russian",6,7,2368,40,TRUE,FALSE,FALSE,1
18,TRUE,"russian",6,7,2368,98,TRUE,FALSE,FALSE,1
18,TRUE,"russian",6,7,2368,120,TRUE,FALSE,FALSE,1
18,TRUE,"russian",6,7,2368,34,TRUE,FALSE,FALSE,1
18,TRUE,"russian",6,7,2368,154,TRUE,FALSE,FALSE,1
18,TRUE,"russian",6,7,2368,34,TRUE,FALSE,FALSE,1
18,TRUE,"russian",6,7,2368,182,FALSE,FALSE,FALSE,0
18,TRUE,"russian",6,7,2368,200,TRUE,FALSE,FALSE,1
18,TRUE,"russian",6,7,2368,222,FALSE,FALSE,FALSE,0
18,TRUE,"russian",6,7,2368,154,TRUE,FALSE,FALSE,1
18,TRUE,"russian",6,7,2368,98,TRUE,FALSE,FALSE,1
18,TRUE,"russian",6,7,2368,154,TRUE,FALSE,FALSE,1
18,TRUE,"russian",6,7,2368,200,TRUE,FALSE,FALSE,1
18,TRUE,"russian",6,7,2368,155,TRUE,FALSE,FALSE,1
18,TRUE,"russian",6,7,2368,181,FALSE,FALSE,TRUE,0
18,TRUE,"russian",6,7,2368,155,TRUE,FALSE,FALSE,1
18,TRUE,"russian",6,7,2368,122,TRUE,FALSE,FALSE,1
18,TRUE,"russian",6,7,2368,152,FALSE,FALSE,FALSE,0
18,TRUE,"russian",6,7,2368,181,FALSE,FALSE,TRUE,0
18,TRUE,"russian",6,7,2368,122,TRUE,FALSE,FALSE,1
18,TRUE,"russian",6,7,2368,174,TRUE,FALSE,FALSE,1
18,TRUE,"russian",6,7,2368,174,TRUE,FALSE,FALSE,1
18,TRUE,"russian",6,7,2368,152,FALSE,FALSE,FALSE,0
18,TRUE,"russian",6,7,2368,66,TRUE,FALSE,FALSE,1
18,TRUE,"russian",6,7,2368,181,FALSE,FALSE,TRUE,0
18,TRUE,"russian",6,7,2368,120,TRUE,FALSE,FALSE,1
18,TRUE,"russian",6,7,2368,34,TRUE,FALSE,FALSE,1
18,TRUE,"russian",6,7,2368,202,FALSE,FALSE,FALSE,1
18,TRUE,"russian",6,7,2368,182,FALSE,FALSE,FALSE,0
18,TRUE,"russian",6,7,2368,181,FALSE,FALSE,TRUE,0
18,TRUE,"russian",6,7,2368,200,TRUE,FALSE,FALSE,1
18,TRUE,"russian",6,7,2368,200,TRUE,FALSE,FALSE,1
18,TRUE,"russian",6,7,2368,34,TRUE,FALSE,FALSE,1
18,TRUE,"russian",6,7,2368,154,TRUE,FALSE,FALSE,1
18,TRUE,"russian",6,7,2368,181,FALSE,FALSE,TRUE,0
18,TRUE,"russian",6,7,2368,34,TRUE,FALSE,FALSE,1
18,TRUE,"russian",6,7,2368,34,TRUE,FALSE,FALSE,1
18,TRUE,"russian",6,7,2368,34,TRUE,FALSE,FALSE,1
18,TRUE,"russian",6,7,2368,174,TRUE,FALSE,FALSE,1
0,TRUE,"biology",8,1,2378,181,FALSE,FALSE,TRUE,0
0,TRUE,"biology",8,1,2378,151,FALSE,FALSE,FALSE,1
0,TRUE,"biology",8,1,2378,182,FALSE,FALSE,FALSE,0
0,TRUE,"biology",8,1,2378,44,TRUE,FALSE,FALSE,1
0,TRUE,"biology",8,1,2378,119,TRUE,FALSE,FALSE,1
0,TRUE,"biology",8,1,2378,37,TRUE,FALSE,TRUE,1
0,TRUE,"biology",8,1,2378,181,FALSE,FALSE,TRUE,0
0,TRUE,"biology",8,1,2378,152,FALSE,FALSE,FALSE,0
0,TRUE,"biology",8,1,2378,192,TRUE,FALSE,FALSE,1
0,TRUE,"biology",8,1,2378,121,TRUE,FALSE,FALSE,1
0,TRUE,"biology",8,1,2378,181,FALSE,FALSE,TRUE,0
0,TRUE,"biology",8,1,2378,182,FALSE,FALSE,FALSE,0
0,TRUE,"biology",8,1,2378,182,FALSE,FALSE,FALSE,0
0,TRUE,"biology",8,1,2378,152,FALSE,FALSE,FALSE,0
0,TRUE,"biology",8,1,2378,97,TRUE,FALSE,FALSE,1
0,TRUE,"biology",8,1,2378,181,FALSE,FALSE,TRUE,0
0,TRUE,"biology",8,1,2378,192,TRUE,FALSE,FALSE,1
0,TRUE,"biology",8,1,2378,182,FALSE,FALSE,FALSE,0
0,TRUE,"biology",8,1,2378,152,FALSE,FALSE,FALSE,0
0,TRUE,"biology",8,1,2378,182,FALSE,FALSE,FALSE,0
0,TRUE,"biology",8,1,2378,181,FALSE,FALSE,TRUE,0
0,TRUE,"biology",8,1,2378,97,TRUE,FALSE,FALSE,1
0,TRUE,"biology",8,1,2378,181,FALSE,FALSE,TRUE,0
0,TRUE,"biology",8,1,2378,182,FALSE,FALSE,FALSE,0
0,TRUE,"biology",8,1,2378,192,TRUE,FALSE,FALSE,1
0,TRUE,"biology",8,1,2378,97,TRUE,FALSE,FALSE,1
0,TRUE,"biology",8,1,2378,182,FALSE,FALSE,FALSE,0
0,TRUE,"biology",8,1,2378,182,FALSE,FALSE,FALSE,0
0,TRUE,"biology",8,1,2378,136,FALSE,FALSE,FALSE,0
0,TRUE,"biology",8,1,2378,182,FALSE,FALSE,FALSE,0
0,TRUE,"biology",8,1,2378,181,FALSE,FALSE,TRUE,0
0,TRUE,"biology",8,1,2378,97,TRUE,FALSE,FALSE,1
0,TRUE,"biology",8,1,2378,182,FALSE,FALSE,FALSE,0
0,TRUE,"biology",8,1,2378,182,FALSE,FALSE,FALSE,0
0,TRUE,"biology",8,1,2378,153,FALSE,FALSE,FALSE,0
0,TRUE,"biology",8,1,2378,178,FALSE,FALSE,FALSE,0
0,TRUE,"biology",8,1,2378,124,TRUE,FALSE,FALSE,1
0,TRUE,"biology",8,1,2378,182,FALSE,FALSE,FALSE,0
0,TRUE,"biology",8,1,2378,182,FALSE,FALSE,FALSE,0
0,TRUE,"biology",8,1,2378,11,TRUE,FALSE,FALSE,1
0,TRUE,"biology",8,1,2378,181,FALSE,FALSE,TRUE,0
0,TRUE,"biology",8,1,2378,182,FALSE,FALSE,FALSE,0
0,TRUE,"biology",8,1,2378,181,FALSE,FALSE,TRUE,0
0,TRUE,"biology",8,1,2378,181,FALSE,FALSE,TRUE,0
0,TRUE,"biology",8,1,2378,182,FALSE,FALSE,FALSE,0
0,TRUE,"biology",8,1,2378,182,FALSE,FALSE,FALSE,0
0,TRUE,"biology",8,1,2378,174,TRUE,FALSE,FALSE,1
0,TRUE,"biology",8,1,2378,182,FALSE,FALSE,FALSE,0
0,TRUE,"biology",8,1,2378,182,FALSE,FALSE,FALSE,0
0,TRUE,"biology",8,1,2378,174,TRUE,FALSE,FALSE,1
0,TRUE,"biology",8,1,2378,182,FALSE,FALSE,FALSE,0
0,TRUE,"biology",8,1,2378,182,FALSE,FALSE,FALSE,0
0,TRUE,"biology",8,1,2378,182,FALSE,FALSE,FALSE,0
0,TRUE,"biology",8,1,2378,181,FALSE,FALSE,TRUE,0
0,TRUE,"biology",8,1,2378,117,TRUE,FALSE,FALSE,1
0,TRUE,"biology",8,1,2378,182,FALSE,FALSE,FALSE,0
0,TRUE,"biology",8,1,2378,210,TRUE,FALSE,TRUE,1
19,TRUE,"biology",6,0,2268,145,TRUE,FALSE,FALSE,1
19,TRUE,"biology",6,0,2268,182,FALSE,FALSE,FALSE,0
19,TRUE,"biology",6,0,2268,182,FALSE,FALSE,FALSE,0
19,TRUE,"biology",6,0,2268,5,TRUE,FALSE,FALSE,1
19,TRUE,"biology",6,0,2268,196,TRUE,FALSE,FALSE,1
19,TRUE,"biology",6,0,2268,174,TRUE,FALSE,FALSE,1
19,TRUE,"biology",6,0,2268,101,TRUE,FALSE,FALSE,1
19,TRUE,"biology",6,0,2268,182,FALSE,FALSE,FALSE,0
19,TRUE,"biology",6,0,2268,196,TRUE,FALSE,FALSE,1
19,TRUE,"biology",6,0,2268,182,FALSE,FALSE,FALSE,0
19,TRUE,"biology",6,0,2268,141,TRUE,FALSE,FALSE,1
19,TRUE,"biology",6,0,2268,174,TRUE,FALSE,FALSE,1
19,TRUE,"biology",6,0,2268,86,TRUE,FALSE,FALSE,1
19,TRUE,"biology",6,0,2268,86,TRUE,FALSE,FALSE,1
19,TRUE,"biology",6,0,2268,196,TRUE,FALSE,FALSE,1
19,TRUE,"biology",6,0,2268,192,TRUE,FALSE,FALSE,1
19,TRUE,"biology",6,0,2268,18,TRUE,FALSE,FALSE,1
19,TRUE,"biology",6,0,2268,123,TRUE,FALSE,FALSE,1
19,TRUE,"biology",6,0,2268,114,FALSE,FALSE,FALSE,1
19,TRUE,"biology",6,0,2268,114,FALSE,FALSE,FALSE,1
19,TRUE,"biology",6,0,2268,127,TRUE,FALSE,FALSE,1
19,TRUE,"biology",6,0,2268,30,TRUE,FALSE,FALSE,1
19,TRUE,"biology",6,0,2268,143,TRUE,FALSE,FALSE,1
19,TRUE,"biology",6,0,2268,182,FALSE,FALSE,FALSE,0
19,TRUE,"biology",6,0,2268,182,FALSE,FALSE,FALSE,0
19,TRUE,"biology",6,0,2268,143,TRUE,FALSE,FALSE,1
19,TRUE,"biology",6,0,2268,196,TRUE,FALSE,FALSE,1
19,TRUE,"biology",6,0,2268,196,TRUE,FALSE,FALSE,1
19,TRUE,"biology",6,0,2268,182,FALSE,FALSE,FALSE,0
19,TRUE,"biology",6,0,2268,196,TRUE,FALSE,FALSE,1
19,TRUE,"biology",6,0,2268,196,TRUE,FALSE,FALSE,1
19,TRUE,"biology",6,0,2268,5,TRUE,FALSE,FALSE,1
19,TRUE,"biology",6,0,2268,5,TRUE,FALSE,FALSE,1
19,TRUE,"biology",6,0,2268,191,TRUE,FALSE,TRUE,1
19,TRUE,"biology",6,0,2268,182,FALSE,FALSE,FALSE,0
19,TRUE,"biology",6,0,2268,196,TRUE,FALSE,FALSE,1
19,TRUE,"biology",6,0,2268,174,TRUE,FALSE,FALSE,1
19,TRUE,"biology",6,0,2268,174,TRUE,FALSE,FALSE,1
19,TRUE,"biology",6,0,2268,151,FALSE,FALSE,FALSE,1
19,TRUE,"biology",6,0,2268,182,FALSE,FALSE,FALSE,0
19,TRUE,"biology",6,0,2268,18,TRUE,FALSE,FALSE,1
19,TRUE,"biology",6,0,2268,5,TRUE,FALSE,FALSE,1
19,TRUE,"biology",6,0,2268,196,TRUE,FALSE,FALSE,1
19,TRUE,"biology",6,0,2268,196,TRUE,FALSE,FALSE,1
19,TRUE,"biology",6,0,2268,182,FALSE,FALSE,FALSE,0
19,TRUE,"biology",6,0,2268,182,FALSE,FALSE,FALSE,0
19,TRUE,"biology",6,0,2268,182,FALSE,FALSE,FALSE,0
19,TRUE,"biology",6,0,2268,86,TRUE,FALSE,FALSE,1
19,TRUE,"biology",6,0,2268,174,TRUE,FALSE,FALSE,1
19,TRUE,"biology",6,0,2268,182,FALSE,FALSE,FALSE,0
19,TRUE,"biology",6,0,2268,92,TRUE,FALSE,FALSE,1
19,TRUE,"biology",6,0,2268,141,TRUE,FALSE,FALSE,1
19,TRUE,"biology",6,0,2268,182,FALSE,FALSE,FALSE,0
19,TRUE,"biology",6,0,2268,174,TRUE,FALSE,FALSE,1
19,TRUE,"biology",6,0,2268,192,TRUE,FALSE,FALSE,1
19,TRUE,"biology",6,0,2268,30,TRUE,FALSE,FALSE,1
19,TRUE,"biology",6,0,2268,196,TRUE,FALSE,FALSE,1
19,TRUE,"biology",6,0,2268,192,TRUE,FALSE,FALSE,1
19,TRUE,"biology",6,0,2268,217,FALSE,FALSE,FALSE,1
19,TRUE,"biology",6,0,2268,217,TRUE,FALSE,FALSE,1
19,TRUE,"biology",6,0,2268,196,TRUE,FALSE,FALSE,1
19,TRUE,"biology",6,0,2268,182,FALSE,FALSE,FALSE,0
19,TRUE,"biology",6,0,2268,211,TRUE,FALSE,TRUE,1
11,TRUE,"russian",5,5,2433,111,TRUE,FALSE,FALSE,1
11,TRUE,"russian",5,5,2433,122,TRUE,FALSE,FALSE,1
11,TRUE,"russian",5,5,2433,225,TRUE,FALSE,FALSE,1
11,TRUE,"russian",5,5,2433,112,TRUE,FALSE,FALSE,1
11,TRUE,"russian",5,5,2433,122,TRUE,FALSE,FALSE,1
11,TRUE,"russian",5,5,2433,46,TRUE,FALSE,FALSE,1
11,TRUE,"russian",5,5,2433,151,FALSE,FALSE,FALSE,1
11,TRUE,"russian",5,5,2433,82,TRUE,FALSE,FALSE,1
11,TRUE,"russian",5,5,2433,152,FALSE,FALSE,FALSE,0
11,TRUE,"russian",5,5,2433,182,FALSE,FALSE,FALSE,0
11,TRUE,"russian",5,5,2433,152,FALSE,FALSE,FALSE,0
11,TRUE,"russian",5,5,2433,155,TRUE,FALSE,FALSE,1
11,TRUE,"russian",5,5,2433,225,TRUE,FALSE,FALSE,1
11,TRUE,"russian",5,5,2433,147,TRUE,FALSE,FALSE,1
11,TRUE,"russian",5,5,2433,146,TRUE,FALSE,FALSE,1
11,TRUE,"russian",5,5,2433,81,FALSE,FALSE,FALSE,1
11,TRUE,"russian",5,5,2433,17,TRUE,FALSE,FALSE,1
11,TRUE,"russian",5,5,2433,125,TRUE,FALSE,FALSE,1
11,TRUE,"russian",5,5,2433,182,FALSE,FALSE,FALSE,0
11,TRUE,"russian",5,5,2433,182,FALSE,FALSE,FALSE,0
11,TRUE,"russian",5,5,2433,208,TRUE,FALSE,FALSE,1
11,TRUE,"russian",5,5,2433,66,TRUE,FALSE,FALSE,1
11,TRUE,"russian",5,5,2433,5,TRUE,FALSE,FALSE,1
11,TRUE,"russian",5,5,2433,147,TRUE,FALSE,FALSE,1
11,TRUE,"russian",5,5,2433,44,TRUE,FALSE,FALSE,1
11,TRUE,"russian",5,5,2433,152,FALSE,FALSE,FALSE,0
11,TRUE,"russian",5,5,2433,35,TRUE,FALSE,FALSE,1
11,TRUE,"russian",5,5,2433,125,TRUE,FALSE,FALSE,1
11,TRUE,"russian",5,5,2433,182,FALSE,FALSE,FALSE,0
11,TRUE,"russian",5,5,2433,125,TRUE,FALSE,FALSE,1
11,TRUE,"russian",5,5,2433,151,FALSE,FALSE,FALSE,1
11,TRUE,"russian",5,5,2433,5,TRUE,FALSE,FALSE,1
11,TRUE,"russian",5,5,2433,182,FALSE,FALSE,FALSE,0
11,TRUE,"russian",5,5,2433,111,TRUE,FALSE,FALSE,1
11,TRUE,"russian",5,5,2433,75,TRUE,FALSE,FALSE,1
11,TRUE,"russian",5,5,2433,147,TRUE,FALSE,FALSE,1
11,TRUE,"russian",5,5,2433,82,TRUE,FALSE,FALSE,1
11,TRUE,"russian",5,5,2433,76,TRUE,TRUE,FALSE,1
7,TRUE,"russian",8,10,2363,49,TRUE,FALSE,FALSE,1
7,TRUE,"russian",8,10,2363,135,FALSE,FALSE,FALSE,1
7,TRUE,"russian",8,10,2363,182,FALSE,FALSE,FALSE,0
7,TRUE,"russian",8,10,2363,33,TRUE,FALSE,TRUE,1
7,TRUE,"russian",8,10,2363,151,FALSE,FALSE,FALSE,1
7,TRUE,"russian",8,10,2363,64,TRUE,FALSE,TRUE,1
7,TRUE,"russian",8,10,2363,49,TRUE,FALSE,FALSE,1
7,TRUE,"russian",8,10,2363,49,TRUE,FALSE,FALSE,1
7,TRUE,"russian",8,10,2363,46,TRUE,FALSE,FALSE,1
7,TRUE,"russian",8,10,2363,46,TRUE,FALSE,FALSE,1
7,TRUE,"russian",8,10,2363,182,FALSE,FALSE,FALSE,0
7,TRUE,"russian",8,10,2363,182,FALSE,FALSE,FALSE,0
7,TRUE,"russian",8,10,2363,229,FALSE,FALSE,FALSE,1
7,TRUE,"russian",8,10,2363,182,FALSE,FALSE,FALSE,0
7,TRUE,"russian",8,10,2363,231,TRUE,FALSE,FALSE,1
7,TRUE,"russian",8,10,2363,137,TRUE,FALSE,FALSE,1
7,TRUE,"russian",8,10,2363,137,TRUE,FALSE,FALSE,1
7,TRUE,"russian",8,10,2363,137,TRUE,FALSE,TRUE,1
7,TRUE,"russian",8,10,2363,95,TRUE,FALSE,FALSE,1
7,TRUE,"russian",8,10,2363,42,TRUE,FALSE,FALSE,1
7,TRUE,"russian",8,10,2363,82,TRUE,FALSE,FALSE,1
7,TRUE,"russian",8,10,2363,182,FALSE,FALSE,FALSE,0
7,TRUE,"russian",8,10,2363,219,FALSE,FALSE,FALSE,1
7,TRUE,"russian",8,10,2363,219,FALSE,FALSE,FALSE,1
7,TRUE,"russian",8,10,2363,219,FALSE,FALSE,FALSE,1
7,TRUE,"russian",8,10,2363,182,FALSE,FALSE,FALSE,0
7,TRUE,"russian",8,10,2363,163,TRUE,FALSE,FALSE,0
7,TRUE,"russian",8,10,2363,163,TRUE,FALSE,FALSE,0
7,TRUE,"russian",8,10,2363,183,FALSE,FALSE,FALSE,0
7,TRUE,"russian",8,10,2363,32,TRUE,FALSE,FALSE,1
7,TRUE,"russian",8,10,2363,182,FALSE,FALSE,FALSE,0
7,TRUE,"russian",8,10,2363,181,FALSE,FALSE,TRUE,0
7,TRUE,"russian",8,10,2363,182,FALSE,FALSE,FALSE,0
7,TRUE,"russian",8,10,2363,179,FALSE,TRUE,FALSE,1
7,TRUE,"russian",8,10,2363,23,FALSE,FALSE,FALSE,0
7,TRUE,"russian",8,10,2363,183,FALSE,FALSE,FALSE,0
7,TRUE,"russian",8,10,2363,182,FALSE,FALSE,FALSE,0
7,TRUE,"russian",8,10,2363,33,TRUE,FALSE,TRUE,1
7,TRUE,"russian",8,10,2363,45,TRUE,FALSE,TRUE,1
7,TRUE,"russian",8,10,2363,182,FALSE,FALSE,FALSE,0
7,TRUE,"russian",8,10,2363,48,TRUE,FALSE,FALSE,1
7,TRUE,"russian",8,10,2363,182,FALSE,FALSE,FALSE,0
7,TRUE,"russian",8,10,2363,104,TRUE,FALSE,TRUE,1
7,TRUE,"russian",8,10,2363,182,FALSE,FALSE,FALSE,0
7,TRUE,"russian",8,10,2363,20,TRUE,TRUE,FALSE,1
3,TRUE,"russian",7,9,2435,182,FALSE,FALSE,FALSE,0
3,TRUE,"russian",7,9,2435,181,FALSE,FALSE,TRUE,0
3,TRUE,"russian",7,9,2435,206,TRUE,FALSE,FALSE,1
3,TRUE,"russian",7,9,2435,50,FALSE,TRUE,FALSE,1
3,TRUE,"russian",7,9,2435,182,FALSE,FALSE,FALSE,0
3,TRUE,"russian",7,9,2435,137,TRUE,FALSE,FALSE,1
3,TRUE,"russian",7,9,2435,137,TRUE,FALSE,FALSE,1
3,TRUE,"russian",7,9,2435,137,TRUE,FALSE,TRUE,1
3,TRUE,"russian",7,9,2435,181,FALSE,FALSE,TRUE,0
3,TRUE,"russian",7,9,2435,181,FALSE,FALSE,TRUE,0
3,TRUE,"russian",7,9,2435,219,FALSE,FALSE,FALSE,1
3,TRUE,"russian",7,9,2435,181,FALSE,FALSE,TRUE,0
3,TRUE,"russian",7,9,2435,182,FALSE,FALSE,FALSE,0
3,TRUE,"russian",7,9,2435,181,FALSE,FALSE,TRUE,0
3,TRUE,"russian",7,9,2435,151,FALSE,FALSE,FALSE,1
3,TRUE,"russian",7,9,2435,181,FALSE,FALSE,TRUE,0
3,TRUE,"russian",7,9,2435,182,FALSE,FALSE,FALSE,0
3,TRUE,"russian",7,9,2435,182,FALSE,FALSE,FALSE,0
3,TRUE,"russian",7,9,2435,181,FALSE,FALSE,TRUE,0
3,TRUE,"russian",7,9,2435,138,TRUE,FALSE,FALSE,1
3,TRUE,"russian",7,9,2435,181,FALSE,FALSE,TRUE,0
3,TRUE,"russian",7,9,2435,73,FALSE,FALSE,FALSE,0
3,TRUE,"russian",7,9,2435,75,TRUE,FALSE,FALSE,1
3,TRUE,"russian",7,9,2435,75,TRUE,FALSE,FALSE,1
3,TRUE,"russian",7,9,2435,228,TRUE,FALSE,FALSE,1
3,TRUE,"russian",7,9,2435,77,TRUE,FALSE,FALSE,1
3,TRUE,"russian",7,9,2435,152,FALSE,FALSE,FALSE,0
3,TRUE,"russian",7,9,2435,142,FALSE,FALSE,FALSE,1
3,TRUE,"russian",7,9,2435,182,FALSE,FALSE,FALSE,0
3,TRUE,"russian",7,9,2435,182,FALSE,FALSE,FALSE,0
3,TRUE,"russian",7,9,2435,142,FALSE,FALSE,FALSE,1
3,TRUE,"russian",7,9,2435,182,FALSE,FALSE,FALSE,0
3,TRUE,"russian",7,9,2435,50,FALSE,TRUE,FALSE,1
3,TRUE,"russian",7,9,2435,152,FALSE,FALSE,FALSE,0
3,TRUE,"russian",7,9,2435,151,FALSE,FALSE,FALSE,1
3,TRUE,"russian",7,9,2435,181,FALSE,FALSE,TRUE,0
3,TRUE,"russian",7,9,2435,181,FALSE,FALSE,TRUE,0
3,TRUE,"russian",7,9,2435,228,TRUE,FALSE,FALSE,1
3,TRUE,"russian",7,9,2435,192,TRUE,FALSE,FALSE,1
1,TRUE,"literature",5,2,1803,182,FALSE,FALSE,FALSE,0
1,TRUE,"literature",5,2,1803,87,FALSE,FALSE,FALSE,0
1,TRUE,"literature",5,2,1803,34,TRUE,FALSE,FALSE,1
1,TRUE,"literature",5,2,1803,199,TRUE,FALSE,FALSE,1
1,TRUE,"literature",5,2,1803,199,FALSE,FALSE,FALSE,1
1,TRUE,"literature",5,2,1803,151,FALSE,FALSE,FALSE,1
1,TRUE,"literature",5,2,1803,151,FALSE,FALSE,FALSE,1
1,TRUE,"literature",5,2,1803,181,FALSE,FALSE,TRUE,0
1,TRUE,"literature",5,2,1803,152,FALSE,FALSE,FALSE,0
1,TRUE,"literature",5,2,1803,181,FALSE,FALSE,TRUE,0
1,TRUE,"literature",5,2,1803,181,FALSE,FALSE,TRUE,0
1,TRUE,"literature",5,2,1803,181,FALSE,FALSE,TRUE,0
1,TRUE,"literature",5,2,1803,181,FALSE,FALSE,TRUE,0
1,TRUE,"literature",5,2,1803,192,TRUE,FALSE,FALSE,1
1,TRUE,"literature",5,2,1803,181,FALSE,FALSE,TRUE,0
1,TRUE,"literature",5,2,1803,181,FALSE,FALSE,TRUE,0
1,TRUE,"literature",5,2,1803,199,TRUE,FALSE,FALSE,1
1,TRUE,"literature",5,2,1803,199,FALSE,FALSE,FALSE,1
1,TRUE,"literature",5,2,1803,199,TRUE,FALSE,FALSE,1
1,TRUE,"literature",5,2,1803,199,FALSE,FALSE,FALSE,1
1,TRUE,"literature",5,2,1803,181,FALSE,FALSE,TRUE,0
1,TRUE,"literature",5,2,1803,34,TRUE,FALSE,FALSE,1
1,TRUE,"literature",5,2,1803,62,TRUE,FALSE,FALSE,1
1,TRUE,"literature",5,2,1803,181,FALSE,FALSE,TRUE,0
1,TRUE,"literature",5,2,1803,134,FALSE,FALSE,FALSE,0
1,TRUE,"literature",5,2,1803,151,FALSE,FALSE,FALSE,1
1,TRUE,"literature",5,2,1803,207,FALSE,FALSE,FALSE,1
1,TRUE,"literature",5,2,1803,133,FALSE,FALSE,FALSE,1
1,TRUE,"literature",5,2,1803,62,TRUE,FALSE,FALSE,1
1,TRUE,"literature",5,2,1803,199,TRUE,FALSE,FALSE,1
1,TRUE,"literature",5,2,1803,199,FALSE,FALSE,FALSE,1
1,TRUE,"literature",5,2,1803,167,FALSE,FALSE,FALSE,0
1,TRUE,"literature",5,2,1803,181,FALSE,FALSE,TRUE,0
1,TRUE,"literature",5,2,1803,199,TRUE,FALSE,FALSE,1
1,TRUE,"literature",5,2,1803,199,FALSE,FALSE,FALSE,1
1,TRUE,"literature",5,2,1803,199,TRUE,FALSE,FALSE,1
1,TRUE,"literature",5,2,1803,199,FALSE,FALSE,FALSE,1
1,TRUE,"literature",5,2,1803,62,TRUE,FALSE,FALSE,1
1,TRUE,"literature",5,2,1803,199,TRUE,FALSE,FALSE,1
1,TRUE,"literature",5,2,1803,199,FALSE,FALSE,FALSE,1
1,TRUE,"literature",5,2,1803,152,FALSE,FALSE,FALSE,0
1,TRUE,"literature",5,2,1803,61,TRUE,FALSE,FALSE,1
1,TRUE,"literature",5,2,1803,34,TRUE,FALSE,FALSE,1
5,TRUE,"russian",5,6,2573,111,TRUE,FALSE,FALSE,1
5,TRUE,"russian",5,6,2573,122,TRUE,FALSE,FALSE,1
5,TRUE,"russian",5,6,2573,225,TRUE,FALSE,FALSE,1
5,TRUE,"russian",5,6,2573,112,TRUE,FALSE,FALSE,1
5,TRUE,"russian",5,6,2573,122,TRUE,FALSE,FALSE,1
5,TRUE,"russian",5,6,2573,46,TRUE,FALSE,FALSE,1
5,TRUE,"russian",5,6,2573,151,FALSE,FALSE,FALSE,1
5,TRUE,"russian",5,6,2573,82,TRUE,FALSE,FALSE,1
5,TRUE,"russian",5,6,2573,152,FALSE,FALSE,FALSE,0
5,TRUE,"russian",5,6,2573,182,FALSE,FALSE,FALSE,0
5,TRUE,"russian",5,6,2573,152,FALSE,FALSE,FALSE,0
5,TRUE,"russian",5,6,2573,155,TRUE,FALSE,FALSE,1
5,TRUE,"russian",5,6,2573,225,TRUE,FALSE,FALSE,1
5,TRUE,"russian",5,6,2573,147,TRUE,FALSE,FALSE,1
5,TRUE,"russian",5,6,2573,146,TRUE,FALSE,FALSE,1
5,TRUE,"russian",5,6,2573,81,FALSE,FALSE,FALSE,1
5,TRUE,"russian",5,6,2573,17,TRUE,FALSE,FALSE,1
5,TRUE,"russian",5,6,2573,125,TRUE,FALSE,FALSE,1
5,TRUE,"russian",5,6,2573,182,FALSE,FALSE,FALSE,0
5,TRUE,"russian",5,6,2573,182,FALSE,FALSE,FALSE,0
5,TRUE,"russian",5,6,2573,208,TRUE,FALSE,FALSE,1
5,TRUE,"russian",5,6,2573,66,TRUE,FALSE,FALSE,1
5,TRUE,"russian",5,6,2573,5,TRUE,FALSE,FALSE,1
5,TRUE,"russian",5,6,2573,147,TRUE,FALSE,FALSE,1
5,TRUE,"russian",5,6,2573,44,TRUE,FALSE,FALSE,1
5,TRUE,"russian",5,6,2573,152,FALSE,FALSE,FALSE,0
5,TRUE,"russian",5,6,2573,35,TRUE,FALSE,FALSE,1
5,TRUE,"russian",5,6,2573,125,TRUE,FALSE,FALSE,1
5,TRUE,"russian",5,6,2573,182,FALSE,FALSE,FALSE,0
5,TRUE,"russian",5,6,2573,125,TRUE,FALSE,FALSE,1
5,TRUE,"russian",5,6,2573,151,FALSE,FALSE,FALSE,1
5,TRUE,"russian",5,6,2573,5,TRUE,FALSE,FALSE,1
5,TRUE,"russian",5,6,2573,182,FALSE,FALSE,FALSE,0
5,TRUE,"russian",5,6,2573,111,TRUE,FALSE,FALSE,1
5,TRUE,"russian",5,6,2573,75,TRUE,FALSE,FALSE,1
5,TRUE,"russian",5,6,2573,147,TRUE,FALSE,FALSE,1
5,TRUE,"russian",5,6,2573,82,TRUE,FALSE,FALSE,1
5,TRUE,"russian",5,6,2573,76,TRUE,TRUE,FALSE,1
2,TRUE,"literature",6,4,2317,182,FALSE,FALSE,FALSE,0
2,TRUE,"literature",6,4,2317,41,TRUE,FALSE,FALSE,1
2,TRUE,"literature",6,4,2317,66,TRUE,FALSE,FALSE,1
2,TRUE,"literature",6,4,2317,61,TRUE,FALSE,FALSE,1
2,TRUE,"literature",6,4,2317,60,TRUE,FALSE,FALSE,1
2,TRUE,"literature",6,4,2317,190,TRUE,FALSE,FALSE,1
2,TRUE,"literature",6,4,2317,182,FALSE,FALSE,FALSE,0
2,TRUE,"literature",6,4,2317,181,FALSE,FALSE,TRUE,0
2,TRUE,"literature",6,4,2317,187,TRUE,FALSE,FALSE,1
2,TRUE,"literature",6,4,2317,181,FALSE,FALSE,TRUE,0
2,TRUE,"literature",6,4,2317,181,FALSE,FALSE,TRUE,0
2,TRUE,"literature",6,4,2317,182,FALSE,FALSE,FALSE,0
2,TRUE,"literature",6,4,2317,187,TRUE,FALSE,FALSE,1
2,TRUE,"literature",6,4,2317,41,TRUE,FALSE,FALSE,1
2,TRUE,"literature",6,4,2317,116,TRUE,FALSE,FALSE,1
2,TRUE,"literature",6,4,2317,60,TRUE,FALSE,FALSE,1
2,TRUE,"literature",6,4,2317,188,TRUE,FALSE,FALSE,1
2,TRUE,"literature",6,4,2317,190,TRUE,FALSE,FALSE,1
2,TRUE,"literature",6,4,2317,47,TRUE,FALSE,FALSE,1
2,TRUE,"literature",6,4,2317,187,TRUE,FALSE,FALSE,1
2,TRUE,"literature",6,4,2317,8,TRUE,FALSE,FALSE,1
2,TRUE,"literature",6,4,2317,41,TRUE,FALSE,FALSE,1
2,TRUE,"literature",6,4,2317,138,TRUE,FALSE,FALSE,1
2,TRUE,"literature",6,4,2317,190,TRUE,FALSE,FALSE,1
2,TRUE,"literature",6,4,2317,190,TRUE,FALSE,FALSE,1
2,TRUE,"literature",6,4,2317,8,TRUE,FALSE,FALSE,1
2,TRUE,"literature",6,4,2317,199,TRUE,FALSE,FALSE,1
2,TRUE,"literature",6,4,2317,199,FALSE,FALSE,FALSE,1
2,TRUE,"literature",6,4,2317,41,TRUE,FALSE,FALSE,1
2,TRUE,"literature",6,4,2317,66,TRUE,FALSE,FALSE,1
2,TRUE,"literature",6,4,2317,108,TRUE,FALSE,FALSE,1
2,TRUE,"literature",6,4,2317,188,TRUE,FALSE,FALSE,1
2,TRUE,"literature",6,4,2317,132,FALSE,FALSE,FALSE,1
2,TRUE,"literature",6,4,2317,199,TRUE,FALSE,FALSE,1
2,TRUE,"literature",6,4,2317,199,FALSE,FALSE,FALSE,1
2,TRUE,"literature",6,4,2317,216,FALSE,TRUE,FALSE,1
2,TRUE,"literature",6,4,2317,41,TRUE,FALSE,FALSE,1
2,TRUE,"literature",6,4,2317,182,FALSE,FALSE,FALSE,0
2,TRUE,"literature",6,4,2317,8,TRUE,FALSE,FALSE,1
2,TRUE,"literature",6,4,2317,223,FALSE,FALSE,FALSE,1
2,TRUE,"literature",6,4,2317,41,TRUE,FALSE,FALSE,1
2,TRUE,"literature",6,4,2317,72,FALSE,FALSE,FALSE,0
2,TRUE,"literature",6,4,2317,232,TRUE,FALSE,FALSE,1
2,TRUE,"literature",6,4,2317,181,FALSE,FALSE,TRUE,0
2,TRUE,"literature",6,4,2317,60,TRUE,FALSE,FALSE,1
2,TRUE,"literature",6,4,2317,108,TRUE,FALSE,FALSE,1
2,TRUE,"literature",6,4,2317,2,TRUE,FALSE,FALSE,1
2,TRUE,"literature",6,4,2317,41,TRUE,FALSE,FALSE,1
2,TRUE,"literature",6,4,2317,190,TRUE,FALSE,FALSE,1
2,TRUE,"literature",6,4,2317,181,FALSE,FALSE,TRUE,0
2,TRUE,"literature",6,4,2317,152,FALSE,FALSE,FALSE,0
2,TRUE,"literature",6,4,2317,182,FALSE,FALSE,FALSE,0
2,TRUE,"literature",6,4,2317,182,FALSE,FALSE,FALSE,0
2,TRUE,"literature",6,4,2317,138,TRUE,FALSE,FALSE,1
2,TRUE,"literature",6,4,2317,182,FALSE,FALSE,FALSE,0
2,TRUE,"literature",6,4,2317,41,TRUE,FALSE,FALSE,1
12,TRUE,"literature",6,3,2237,122,TRUE,FALSE,FALSE,1
12,TRUE,"literature",6,3,2237,108,TRUE,FALSE,FALSE,1
12,TRUE,"literature",6,3,2237,149,TRUE,FALSE,FALSE,1
12,TRUE,"literature",6,3,2237,199,TRUE,FALSE,FALSE,1
12,TRUE,"literature",6,3,2237,199,FALSE,FALSE,FALSE,1
12,TRUE,"literature",6,3,2237,108,TRUE,FALSE,FALSE,1
12,TRUE,"literature",6,3,2237,224,FALSE,FALSE,FALSE,1
12,TRUE,"literature",6,3,2237,192,TRUE,FALSE,FALSE,1
12,TRUE,"literature",6,3,2237,12,TRUE,FALSE,FALSE,1
12,TRUE,"literature",6,3,2237,122,TRUE,FALSE,FALSE,1
12,TRUE,"literature",6,3,2237,199,TRUE,FALSE,FALSE,1
12,TRUE,"literature",6,3,2237,199,FALSE,FALSE,FALSE,1
12,TRUE,"literature",6,3,2237,149,TRUE,FALSE,FALSE,1
12,TRUE,"literature",6,3,2237,186,TRUE,FALSE,FALSE,1
12,TRUE,"literature",6,3,2237,192,TRUE,FALSE,FALSE,1
12,TRUE,"literature",6,3,2237,220,FALSE,FALSE,FALSE,0
12,TRUE,"literature",6,3,2237,199,TRUE,FALSE,FALSE,1
12,TRUE,"literature",6,3,2237,199,FALSE,FALSE,FALSE,1
12,TRUE,"literature",6,3,2237,12,TRUE,FALSE,FALSE,1
12,TRUE,"literature",6,3,2237,46,TRUE,FALSE,FALSE,1
12,TRUE,"literature",6,3,2237,149,TRUE,FALSE,FALSE,1
12,TRUE,"literature",6,3,2237,65,TRUE,FALSE,FALSE,1
12,TRUE,"literature",6,3,2237,155,TRUE,FALSE,FALSE,1
12,TRUE,"literature",6,3,2237,149,TRUE,FALSE,FALSE,1
12,TRUE,"literature",6,3,2237,18,TRUE,FALSE,FALSE,1
12,TRUE,"literature",6,3,2237,65,TRUE,FALSE,FALSE,1
12,TRUE,"literature",6,3,2237,192,TRUE,FALSE,FALSE,1
12,TRUE,"literature",6,3,2237,122,TRUE,FALSE,FALSE,1
12,TRUE,"literature",6,3,2237,115,TRUE,FALSE,FALSE,1
12,TRUE,"literature",6,3,2237,18,TRUE,FALSE,FALSE,1
12,TRUE,"literature",6,3,2237,12,TRUE,FALSE,FALSE,1
12,TRUE,"literature",6,3,2237,155,TRUE,FALSE,FALSE,1
12,TRUE,"literature",6,3,2237,24,TRUE,FALSE,FALSE,1
12,TRUE,"literature",6,3,2237,65,TRUE,FALSE,FALSE,1
12,TRUE,"literature",6,3,2237,108,TRUE,FALSE,FALSE,1
12,TRUE,"literature",6,3,2237,199,TRUE,FALSE,FALSE,1
12,TRUE,"literature",6,3,2237,199,FALSE,FALSE,FALSE,1
12,TRUE,"literature",6,3,2237,18,TRUE,FALSE,FALSE,1
12,TRUE,"literature",6,3,2237,209,TRUE,FALSE,TRUE,1
6,FALSE,"russian",5,16,2402,182,FALSE,FALSE,FALSE,0
6,FALSE,"russian",5,16,2402,98,TRUE,FALSE,FALSE,1
6,FALSE,"russian",5,16,2402,116,TRUE,FALSE,FALSE,1
6,FALSE,"russian",5,16,2402,151,FALSE,FALSE,FALSE,1
6,FALSE,"russian",5,16,2402,26,TRUE,FALSE,TRUE,1
6,FALSE,"russian",5,16,2402,151,FALSE,FALSE,FALSE,1
6,FALSE,"russian",5,16,2402,151,FALSE,FALSE,FALSE,1
6,FALSE,"russian",5,16,2402,117,TRUE,FALSE,FALSE,1
6,FALSE,"russian",5,16,2402,117,TRUE,FALSE,FALSE,1
6,FALSE,"russian",5,16,2402,213,TRUE,FALSE,FALSE,1
6,FALSE,"russian",5,16,2402,122,TRUE,FALSE,FALSE,1
6,FALSE,"russian",5,16,2402,198,TRUE,FALSE,TRUE,1
6,FALSE,"russian",5,16,2402,38,TRUE,FALSE,TRUE,1
6,FALSE,"russian",5,16,2402,89,FALSE,TRUE,FALSE,1
6,FALSE,"russian",5,16,2402,185,TRUE,FALSE,FALSE,1
6,FALSE,"russian",5,16,2402,161,TRUE,FALSE,FALSE,1
6,FALSE,"russian",5,16,2402,161,FALSE,FALSE,FALSE,1
6,FALSE,"russian",5,16,2402,155,TRUE,FALSE,FALSE,1
6,FALSE,"russian",5,16,2402,161,TRUE,FALSE,FALSE,1
6,FALSE,"russian",5,16,2402,161,FALSE,FALSE,FALSE,1
6,FALSE,"russian",5,16,2402,173,TRUE,FALSE,TRUE,1
6,FALSE,"russian",5,16,2402,122,TRUE,FALSE,FALSE,1
6,FALSE,"russian",5,16,2402,39,TRUE,FALSE,FALSE,1
6,FALSE,"russian",5,16,2402,199,TRUE,FALSE,FALSE,1
6,FALSE,"russian",5,16,2402,199,FALSE,FALSE,FALSE,1
6,FALSE,"russian",5,16,2402,152,FALSE,FALSE,FALSE,0
6,FALSE,"russian",5,16,2402,94,TRUE,FALSE,FALSE,1
6,FALSE,"russian",5,16,2402,213,TRUE,FALSE,FALSE,1
6,FALSE,"russian",5,16,2402,158,TRUE,FALSE,FALSE,1
6,FALSE,"russian",5,16,2402,152,FALSE,FALSE,FALSE,0
6,FALSE,"russian",5,16,2402,213,TRUE,FALSE,FALSE,1
6,FALSE,"russian",5,16,2402,213,TRUE,FALSE,FALSE,1
6,FALSE,"russian",5,16,2402,155,TRUE,FALSE,FALSE,1
6,FALSE,"russian",5,16,2402,64,TRUE,FALSE,TRUE,1
6,FALSE,"russian",5,16,2402,158,TRUE,FALSE,FALSE,1
6,FALSE,"russian",5,16,2402,68,FALSE,FALSE,FALSE,0
6,FALSE,"russian",5,16,2402,161,TRUE,FALSE,FALSE,1
6,FALSE,"russian",5,16,2402,161,FALSE,FALSE,FALSE,1
9,FALSE,"russian",6,19,2271,34,TRUE,FALSE,FALSE,1
9,FALSE,"russian",6,19,2271,34,TRUE,FALSE,FALSE,1
9,FALSE,"russian",6,19,2271,61,TRUE,FALSE,FALSE,1
9,FALSE,"russian",6,19,2271,71,TRUE,FALSE,FALSE,1
9,FALSE,"russian",6,19,2271,78,TRUE,FALSE,FALSE,1
9,FALSE,"russian",6,19,2271,192,TRUE,FALSE,FALSE,1
9,FALSE,"russian",6,19,2271,181,FALSE,FALSE,TRUE,0
9,FALSE,"russian",6,19,2271,174,TRUE,FALSE,FALSE,1
9,FALSE,"russian",6,19,2271,181,FALSE,FALSE,TRUE,0
10,FALSE,"history",8,12,2502,175,FALSE,FALSE,FALSE,1
10,FALSE,"history",8,12,2502,110,FALSE,FALSE,FALSE,1
10,FALSE,"history",8,12,2502,181,FALSE,FALSE,TRUE,0
10,FALSE,"history",8,12,2502,183,FALSE,FALSE,FALSE,0
10,FALSE,"history",8,12,2502,152,FALSE,FALSE,FALSE,0
10,FALSE,"history",8,12,2502,31,TRUE,FALSE,FALSE,1
10,FALSE,"history",8,12,2502,182,FALSE,FALSE,FALSE,0
10,FALSE,"history",8,12,2502,43,TRUE,TRUE,FALSE,1
13,FALSE,"biology",7,11,1982,72,FALSE,FALSE,FALSE,0
13,FALSE,"biology",7,11,1982,209,TRUE,FALSE,TRUE,1
13,FALSE,"biology",7,11,1982,16,TRUE,FALSE,FALSE,1
13,FALSE,"biology",7,11,1982,177,FALSE,FALSE,FALSE,0
13,FALSE,"biology",7,11,1982,189,FALSE,FALSE,FALSE,1
13,FALSE,"biology",7,11,1982,189,FALSE,FALSE,FALSE,1
13,FALSE,"biology",7,11,1982,193,TRUE,FALSE,TRUE,1
13,FALSE,"biology",7,11,1982,42,TRUE,FALSE,FALSE,1
14,FALSE,"russian",5,18,2483,182,FALSE,FALSE,FALSE,0
14,FALSE,"russian",5,18,2483,18,TRUE,FALSE,FALSE,1
14,FALSE,"russian",5,18,2483,18,TRUE,FALSE,FALSE,1
14,FALSE,"russian",5,18,2483,158,TRUE,FALSE,FALSE,1
14,FALSE,"russian",5,18,2483,203,TRUE,FALSE,FALSE,1
14,FALSE,"russian",5,18,2483,152,FALSE,FALSE,FALSE,0
14,FALSE,"russian",5,18,2483,194,TRUE,FALSE,FALSE,1
14,FALSE,"russian",5,18,2483,152,FALSE,FALSE,FALSE,0
14,FALSE,"russian",5,18,2483,125,TRUE,FALSE,FALSE,1
14,FALSE,"russian",5,18,2483,158,TRUE,FALSE,FALSE,1
14,FALSE,"russian",5,18,2483,148,TRUE,FALSE,FALSE,1
14,FALSE,"russian",5,18,2483,148,FALSE,FALSE,FALSE,1
14,FALSE,"russian",5,18,2483,152,FALSE,FALSE,FALSE,0
14,FALSE,"russian",5,18,2483,148,TRUE,FALSE,FALSE,1
14,FALSE,"russian",5,18,2483,148,FALSE,FALSE,FALSE,1
14,FALSE,"russian",5,18,2483,182,FALSE,FALSE,FALSE,0
14,FALSE,"russian",5,18,2483,42,TRUE,FALSE,FALSE,1
14,FALSE,"russian",5,18,2483,182,FALSE,FALSE,FALSE,0
14,FALSE,"russian",5,18,2483,182,FALSE,FALSE,FALSE,0
14,FALSE,"russian",5,18,2483,182,FALSE,FALSE,FALSE,0
14,FALSE,"russian",5,18,2483,152,FALSE,FALSE,FALSE,0
14,FALSE,"russian",5,18,2483,19,TRUE,FALSE,FALSE,1
14,FALSE,"russian",5,18,2483,152,FALSE,FALSE,FALSE,0
14,FALSE,"russian",5,18,2483,42,TRUE,FALSE,FALSE,1
14,FALSE,"russian",5,18,2483,194,TRUE,FALSE,FALSE,1
14,FALSE,"russian",5,18,2483,152,FALSE,FALSE,FALSE,0
14,FALSE,"russian",5,18,2483,18,TRUE,FALSE,FALSE,1
14,FALSE,"russian",5,18,2483,140,TRUE,FALSE,FALSE,1
14,FALSE,"russian",5,18,2483,148,TRUE,FALSE,FALSE,1
14,FALSE,"russian",5,18,2483,148,FALSE,FALSE,FALSE,1
14,FALSE,"russian",5,18,2483,152,FALSE,FALSE,FALSE,0
14,FALSE,"russian",5,18,2483,182,FALSE,FALSE,FALSE,0
14,FALSE,"russian",5,18,2483,140,TRUE,FALSE,FALSE,1
14,FALSE,"russian",5,18,2483,160,TRUE,FALSE,FALSE,1
14,FALSE,"russian",5,18,2483,158,TRUE,FALSE,FALSE,1
14,FALSE,"russian",5,18,2483,152,FALSE,FALSE,FALSE,0
14,FALSE,"russian",5,18,2483,182,FALSE,FALSE,FALSE,0
14,FALSE,"russian",5,18,2483,182,FALSE,FALSE,FALSE,0
14,FALSE,"russian",5,18,2483,148,TRUE,FALSE,FALSE,1
14,FALSE,"russian",5,18,2483,148,FALSE,FALSE,FALSE,1
14,FALSE,"russian",5,18,2483,182,FALSE,FALSE,FALSE,0
14,FALSE,"russian",5,18,2483,182,FALSE,FALSE,FALSE,0
14,FALSE,"russian",5,18,2483,152,FALSE,FALSE,FALSE,0
14,FALSE,"russian",5,18,2483,152,FALSE,FALSE,FALSE,0
14,FALSE,"russian",5,18,2483,182,FALSE,FALSE,FALSE,0
14,FALSE,"russian",5,18,2483,182,FALSE,FALSE,FALSE,0
14,FALSE,"russian",5,18,2483,18,TRUE,FALSE,FALSE,1
14,FALSE,"russian",5,18,2483,182,FALSE,FALSE,FALSE,0
14,FALSE,"russian",5,18,2483,182,FALSE,FALSE,FALSE,0
14,FALSE,"russian",5,18,2483,194,TRUE,FALSE,FALSE,1
14,FALSE,"russian",5,18,2483,194,TRUE,FALSE,FALSE,1
14,FALSE,"russian",5,18,2483,199,TRUE,FALSE,FALSE,1
14,FALSE,"russian",5,18,2483,199,FALSE,FALSE,FALSE,1
14,FALSE,"russian",5,18,2483,199,TRUE,FALSE,FALSE,1
14,FALSE,"russian",5,18,2483,199,FALSE,FALSE,FALSE,1
14,FALSE,"russian",5,18,2483,151,FALSE,FALSE,FALSE,1
14,FALSE,"russian",5,18,2483,182,FALSE,FALSE,FALSE,0
14,FALSE,"russian",5,18,2483,151,FALSE,FALSE,FALSE,1
14,FALSE,"russian",5,18,2483,120,TRUE,FALSE,FALSE,1
14,FALSE,"russian",5,18,2483,120,TRUE,FALSE,FALSE,1
14,FALSE,"russian",5,18,2483,19,TRUE,FALSE,FALSE,1
14,FALSE,"russian",5,18,2483,151,FALSE,FALSE,FALSE,1
14,FALSE,"russian",5,18,2483,182,FALSE,FALSE,FALSE,0
14,FALSE,"russian",5,18,2483,18,TRUE,FALSE,FALSE,1
14,FALSE,"russian",5,18,2483,182,FALSE,FALSE,FALSE,0
14,FALSE,"russian",5,18,2483,10,TRUE,FALSE,FALSE,1
14,FALSE,"russian",5,18,2483,185,TRUE,FALSE,FALSE,1
14,FALSE,"russian",5,18,2483,172,FALSE,TRUE,FALSE,1
14,FALSE,"russian",5,18,2483,172,FALSE,TRUE,FALSE,0
14,FALSE,"russian",5,18,2483,160,TRUE,FALSE,FALSE,1
14,FALSE,"russian",5,18,2483,182,FALSE,FALSE,FALSE,0
14,FALSE,"russian",5,18,2483,182,FALSE,FALSE,FALSE,0
14,FALSE,"russian",5,18,2483,152,FALSE,FALSE,FALSE,0
14,FALSE,"russian",5,18,2483,152,FALSE,FALSE,FALSE,0
14,FALSE,"russian",5,18,2483,152,FALSE,FALSE,FALSE,0
14,FALSE,"russian",5,18,2483,152,FALSE,FALSE,FALSE,0
14,FALSE,"russian",5,18,2483,182,FALSE,FALSE,FALSE,0
14,FALSE,"russian",5,18,2483,182,FALSE,FALSE,FALSE,0
14,FALSE,"russian",5,18,2483,152,FALSE,FALSE,FALSE,0
14,FALSE,"russian",5,18,2483,56,TRUE,FALSE,FALSE,0
14,FALSE,"russian",5,18,2483,148,TRUE,FALSE,FALSE,1
14,FALSE,"russian",5,18,2483,148,FALSE,FALSE,FALSE,1
14,FALSE,"russian",5,18,2483,120,TRUE,FALSE,FALSE,1
14,FALSE,"russian",5,18,2483,182,FALSE,FALSE,FALSE,0
14,FALSE,"russian",5,18,2483,83,TRUE,FALSE,FALSE,1
14,FALSE,"russian",5,18,2483,108,TRUE,FALSE,FALSE,1
14,FALSE,"russian",5,18,2483,88,TRUE,FALSE,FALSE,1
14,FALSE,"russian",5,18,2483,71,TRUE,FALSE,FALSE,1
14,FALSE,"russian",5,18,2483,182,FALSE,FALSE,FALSE,0
14,FALSE,"russian",5,18,2483,182,FALSE,FALSE,FALSE,0
14,FALSE,"russian",5,18,2483,140,TRUE,FALSE,FALSE,1
14,FALSE,"russian",5,18,2483,148,TRUE,FALSE,FALSE,1
14,FALSE,"russian",5,18,2483,148,FALSE,FALSE,FALSE,1
14,FALSE,"russian",5,18,2483,18,TRUE,FALSE,FALSE,1
14,FALSE,"russian",5,18,2483,120,TRUE,FALSE,FALSE,1
14,FALSE,"russian",5,18,2483,152,FALSE,FALSE,FALSE,0
14,FALSE,"russian",5,18,2483,182,FALSE,FALSE,FALSE,0
14,FALSE,"russian",5,18,2483,182,FALSE,FALSE,FALSE,0
14,FALSE,"russian",5,18,2483,18,TRUE,FALSE,FALSE,1
14,FALSE,"russian",5,18,2483,19,TRUE,FALSE,FALSE,1
14,FALSE,"russian",5,18,2483,42,TRUE,FALSE,FALSE,1
15,FALSE,"russian",6,20,2348,182,FALSE,FALSE,FALSE,0
15,FALSE,"russian",6,20,2348,155,TRUE,FALSE,FALSE,1
15,FALSE,"russian",6,20,2348,221,TRUE,FALSE,FALSE,1
15,FALSE,"russian",6,20,2348,13,TRUE,FALSE,FALSE,1
15,FALSE,"russian",6,20,2348,151,FALSE,FALSE,FALSE,1
15,FALSE,"russian",6,20,2348,108,TRUE,FALSE,FALSE,1
15,FALSE,"russian",6,20,2348,79,TRUE,FALSE,FALSE,1
15,FALSE,"russian",6,20,2348,28,TRUE,FALSE,FALSE,1
15,FALSE,"russian",6,20,2348,28,FALSE,TRUE,FALSE,1
15,FALSE,"russian",6,20,2348,103,TRUE,FALSE,FALSE,1
15,FALSE,"russian",6,20,2348,162,TRUE,FALSE,FALSE,1
15,FALSE,"russian",6,20,2348,96,FALSE,TRUE,FALSE,1
15,FALSE,"russian",6,20,2348,213,TRUE,FALSE,FALSE,1
15,FALSE,"russian",6,20,2348,13,TRUE,FALSE,FALSE,1
15,FALSE,"russian",6,20,2348,14,FALSE,FALSE,FALSE,1
15,FALSE,"russian",6,20,2348,143,TRUE,FALSE,FALSE,1
15,FALSE,"russian",6,20,2348,101,TRUE,FALSE,FALSE,1
15,FALSE,"russian",6,20,2348,13,TRUE,FALSE,FALSE,1
15,FALSE,"russian",6,20,2348,101,TRUE,FALSE,FALSE,1
15,FALSE,"russian",6,20,2348,225,TRUE,FALSE,FALSE,1
15,FALSE,"russian",6,20,2348,28,TRUE,FALSE,FALSE,1
15,FALSE,"russian",6,20,2348,28,FALSE,TRUE,FALSE,1
15,FALSE,"russian",6,20,2348,79,TRUE,FALSE,FALSE,1
15,FALSE,"russian",6,20,2348,101,TRUE,FALSE,FALSE,1
15,FALSE,"russian",6,20,2348,143,TRUE,FALSE,FALSE,1
15,FALSE,"russian",6,20,2348,79,TRUE,FALSE,FALSE,1
15,FALSE,"russian",6,20,2348,79,TRUE,FALSE,FALSE,1
15,FALSE,"russian",6,20,2348,213,TRUE,FALSE,FALSE,1
15,FALSE,"russian",6,20,2348,213,TRUE,FALSE,FALSE,1
15,FALSE,"russian",6,20,2348,213,TRUE,FALSE,FALSE,1
15,FALSE,"russian",6,20,2348,192,TRUE,FALSE,FALSE,1
15,FALSE,"russian",6,20,2348,13,TRUE,FALSE,FALSE,1
15,FALSE,"russian",6,20,2348,213,TRUE,FALSE,FALSE,1
15,FALSE,"russian",6,20,2348,225,TRUE,FALSE,FALSE,1
15,FALSE,"russian",6,20,2348,28,TRUE,FALSE,FALSE,1
15,FALSE,"russian",6,20,2348,28,FALSE,TRUE,FALSE,1
15,FALSE,"russian",6,20,2348,108,TRUE,FALSE,FALSE,1
15,FALSE,"russian",6,20,2348,126,TRUE,TRUE,FALSE,1
15,FALSE,"russian",6,20,2348,144,TRUE,TRUE,FALSE,1
15,FALSE,"russian",6,20,2348,144,TRUE,TRUE,FALSE,1
15,FALSE,"russian",6,20,2348,144,TRUE,TRUE,FALSE,1
4,FALSE,"russian",7,21,2370,156,TRUE,FALSE,FALSE,1
4,FALSE,"russian",7,21,2370,156,TRUE,FALSE,FALSE,1
4,FALSE,"russian",7,21,2370,197,TRUE,FALSE,FALSE,1
4,FALSE,"russian",7,21,2370,151,FALSE,FALSE,FALSE,1
4,FALSE,"russian",7,21,2370,151,FALSE,FALSE,FALSE,1
4,FALSE,"russian",7,21,2370,156,TRUE,FALSE,FALSE,1
17,FALSE,"history",8,13,2541,182,FALSE,FALSE,FALSE,0
17,FALSE,"history",8,13,2541,51,TRUE,FALSE,FALSE,1
17,FALSE,"history",8,13,2541,57,TRUE,FALSE,FALSE,1
17,FALSE,"history",8,13,2541,13,TRUE,FALSE,FALSE,1
17,FALSE,"history",8,13,2541,182,FALSE,FALSE,FALSE,0
17,FALSE,"history",8,13,2541,84,TRUE,FALSE,FALSE,1
17,FALSE,"history",8,13,2541,182,FALSE,FALSE,FALSE,0
17,FALSE,"history",8,13,2541,150,FALSE,FALSE,FALSE,1
17,FALSE,"history",8,13,2541,85,TRUE,FALSE,FALSE,1
17,FALSE,"history",8,13,2541,182,FALSE,FALSE,FALSE,0
17,FALSE,"history",8,13,2541,29,FALSE,FALSE,FALSE,1
17,FALSE,"history",8,13,2541,15,TRUE,FALSE,FALSE,1
17,FALSE,"history",8,13,2541,171,FALSE,FALSE,FALSE,1
17,FALSE,"history",8,13,2541,67,FALSE,FALSE,FALSE,0
17,FALSE,"history",8,13,2541,93,FALSE,FALSE,FALSE,1
17,FALSE,"history",8,13,2541,182,FALSE,FALSE,FALSE,0
17,FALSE,"history",8,13,2541,182,FALSE,FALSE,FALSE,0
17,FALSE,"history",8,13,2541,182,FALSE,FALSE,FALSE,0
17,FALSE,"history",8,13,2541,90,FALSE,TRUE,FALSE,1
17,FALSE,"history",8,13,2541,182,FALSE,FALSE,FALSE,0
17,FALSE,"history",8,13,2541,182,FALSE,FALSE,FALSE,0
17,FALSE,"history",8,13,2541,27,FALSE,TRUE,FALSE,1
17,FALSE,"history",8,13,2541,27,FALSE,TRUE,FALSE,1
17,FALSE,"history",8,13,2541,182,FALSE,FALSE,FALSE,0
17,FALSE,"history",8,13,2541,182,FALSE,FALSE,FALSE,0
17,FALSE,"history",8,13,2541,182,FALSE,FALSE,FALSE,0
17,FALSE,"history",8,13,2541,58,FALSE,TRUE,FALSE,1
17,FALSE,"history",8,13,2541,182,FALSE,FALSE,FALSE,0
17,FALSE,"history",8,13,2541,52,FALSE,FALSE,FALSE,1
17,FALSE,"history",8,13,2541,182,FALSE,FALSE,FALSE,0
17,FALSE,"history",8,13,2541,182,FALSE,FALSE,FALSE,0
17,FALSE,"history",8,13,2541,230,FALSE,FALSE,FALSE,0
17,FALSE,"history",8,13,2541,182,FALSE,FALSE,FALSE,0
17,FALSE,"history",8,13,2541,182,FALSE,FALSE,FALSE,0
17,FALSE,"history",8,13,2541,182,FALSE,FALSE,FALSE,0
17,FALSE,"history",8,13,2541,182,FALSE,FALSE,FALSE,0
17,FALSE,"history",8,13,2541,4,TRUE,TRUE,FALSE,1
17,FALSE,"history",8,13,2541,4,TRUE,TRUE,FALSE,1
20,FALSE,"russian",5,17,1771,182,FALSE,FALSE,FALSE,0
20,FALSE,"russian",5,17,1771,159,TRUE,FALSE,FALSE,1
20,FALSE,"russian",5,17,1771,80,TRUE,FALSE,TRUE,1
20,FALSE,"russian",5,17,1771,7,TRUE,FALSE,FALSE,1
20,FALSE,"russian",5,17,1771,182,FALSE,FALSE,FALSE,0
20,FALSE,"russian",5,17,1771,1,TRUE,FALSE,FALSE,1
20,FALSE,"russian",5,17,1771,182,FALSE,FALSE,FALSE,0
20,FALSE,"russian",5,17,1771,182,FALSE,FALSE,FALSE,0
20,FALSE,"russian",5,17,1771,108,TRUE,FALSE,FALSE,1
20,FALSE,"russian",5,17,1771,215,TRUE,FALSE,FALSE,1
20,FALSE,"russian",5,17,1771,182,FALSE,FALSE,FALSE,0
20,FALSE,"russian",5,17,1771,180,TRUE,FALSE,FALSE,1
20,FALSE,"russian",5,17,1771,18,TRUE,FALSE,FALSE,1
20,FALSE,"russian",5,17,1771,182,FALSE,FALSE,FALSE,0
20,FALSE,"russian",5,17,1771,182,FALSE,FALSE,FALSE,0
20,FALSE,"russian",5,17,1771,182,FALSE,FALSE,FALSE,0
20,FALSE,"russian",5,17,1771,7,TRUE,FALSE,FALSE,1
20,FALSE,"russian",5,17,1771,7,TRUE,FALSE,FALSE,1
20,FALSE,"russian",5,17,1771,182,FALSE,FALSE,FALSE,0
20,FALSE,"russian",5,17,1771,1,TRUE,FALSE,FALSE,1
20,FALSE,"russian",5,17,1771,7,TRUE,FALSE,FALSE,1
20,FALSE,"russian",5,17,1771,182,FALSE,FALSE,FALSE,0
20,FALSE,"russian",5,17,1771,182,FALSE,FALSE,FALSE,0
20,FALSE,"russian",5,17,1771,182,FALSE,FALSE,FALSE,0
20,FALSE,"russian",5,17,1771,226,TRUE,FALSE,FALSE,1
20,FALSE,"russian",5,17,1771,1,TRUE,FALSE,FALSE,1
20,FALSE,"russian",5,17,1771,182,FALSE,FALSE,FALSE,0
20,FALSE,"russian",5,17,1771,36,FALSE,TRUE,FALSE,1
20,FALSE,"russian",5,17,1771,36,TRUE,FALSE,FALSE,1
20,FALSE,"russian",5,17,1771,182,FALSE,FALSE,FALSE,0
20,FALSE,"russian",5,17,1771,182,FALSE,FALSE,FALSE,0
20,FALSE,"russian",5,17,1771,7,TRUE,FALSE,FALSE,1
20,FALSE,"russian",5,17,1771,109,TRUE,FALSE,FALSE,1
20,FALSE,"russian",5,17,1771,129,TRUE,FALSE,FALSE,1
20,FALSE,"russian",5,17,1771,182,FALSE,FALSE,FALSE,0
20,FALSE,"russian",5,17,1771,53,TRUE,FALSE,FALSE,1
20,FALSE,"russian",5,17,1771,129,TRUE,FALSE,FALSE,1
20,FALSE,"russian",5,17,1771,182,FALSE,FALSE,FALSE,0
20,FALSE,"russian",5,17,1771,18,TRUE,FALSE,FALSE,1
8,FALSE,"literature",5,14,2222,182,FALSE,FALSE,FALSE,0
8,FALSE,"literature",5,14,2222,182,FALSE,FALSE,FALSE,0
8,FALSE,"literature",5,14,2222,182,FALSE,FALSE,FALSE,0
8,FALSE,"literature",5,14,2222,165,FALSE,TRUE,FALSE,1
8,FALSE,"literature",5,14,2222,102,FALSE,FALSE,FALSE,1
8,FALSE,"literature",5,14,2222,128,TRUE,FALSE,FALSE,1
8,FALSE,"literature",5,14,2222,21,TRUE,FALSE,FALSE,1
8,FALSE,"literature",5,14,2222,22,TRUE,FALSE,FALSE,1
8,FALSE,"literature",5,14,2222,130,TRUE,FALSE,FALSE,1
8,FALSE,"literature",5,14,2222,182,FALSE,FALSE,FALSE,0
8,FALSE,"literature",5,14,2222,182,FALSE,FALSE,FALSE,0
8,FALSE,"literature",5,14,2222,182,FALSE,FALSE,FALSE,0
8,FALSE,"literature",5,14,2222,78,TRUE,FALSE,FALSE,1
8,FALSE,"literature",5,14,2222,128,TRUE,FALSE,FALSE,1
8,FALSE,"literature",5,14,2222,182,FALSE,FALSE,FALSE,0
8,FALSE,"literature",5,14,2222,182,FALSE,FALSE,FALSE,0
8,FALSE,"literature",5,14,2222,188,TRUE,FALSE,FALSE,1
8,FALSE,"literature",5,14,2222,192,TRUE,FALSE,FALSE,1
8,FALSE,"literature",5,14,2222,182,FALSE,FALSE,FALSE,0
8,FALSE,"literature",5,14,2222,182,FALSE,FALSE,FALSE,0
8,FALSE,"literature",5,14,2222,182,FALSE,FALSE,FALSE,0
8,FALSE,"literature",5,14,2222,182,FALSE,FALSE,FALSE,0
8,FALSE,"literature",5,14,2222,182,FALSE,FALSE,FALSE,0
8,FALSE,"literature",5,14,2222,182,FALSE,FALSE,FALSE,0
8,FALSE,"literature",5,14,2222,182,FALSE,FALSE,FALSE,0
8,FALSE,"literature",5,14,2222,182,FALSE,FALSE,FALSE,0
8,FALSE,"literature",5,14,2222,74,FALSE,TRUE,FALSE,1
8,FALSE,"literature",5,14,2222,74,FALSE,TRUE,FALSE,0
8,FALSE,"literature",5,14,2222,182,FALSE,FALSE,FALSE,0
8,FALSE,"literature",5,14,2222,222,FALSE,FALSE,FALSE,0
8,FALSE,"literature",5,14,2222,182,FALSE,FALSE,FALSE,0
8,FALSE,"literature",5,14,2222,182,FALSE,FALSE,FALSE,0
8,FALSE,"literature",5,14,2222,182,FALSE,FALSE,FALSE,0
8,FALSE,"literature",5,14,2222,182,FALSE,FALSE,FALSE,0
8,FALSE,"literature",5,14,2222,174,TRUE,FALSE,FALSE,1
8,FALSE,"literature",5,14,2222,182,FALSE,FALSE,FALSE,0
8,FALSE,"literature",5,14,2222,182,FALSE,FALSE,FALSE,0
8,FALSE,"literature",5,14,2222,182,FALSE,FALSE,FALSE,0
8,FALSE,"literature",5,14,2222,182,FALSE,FALSE,FALSE,0
8,FALSE,"literature",5,14,2222,182,FALSE,FALSE,FALSE,0
8,FALSE,"literature",5,14,2222,182,FALSE,FALSE,FALSE,0
8,FALSE,"literature",5,14,2222,182,FALSE,FALSE,FALSE,0
8,FALSE,"literature",5,14,2222,182,FALSE,FALSE,FALSE,0
8,FALSE,"literature",5,14,2222,182,FALSE,FALSE,FALSE,0
8,FALSE,"literature",5,14,2222,182,FALSE,FALSE,FALSE,0
8,FALSE,"literature",5,14,2222,182,FALSE,FALSE,FALSE,0
8,FALSE,"literature",5,14,2222,169,FALSE,FALSE,FALSE,1
8,FALSE,"literature",5,14,2222,182,FALSE,FALSE,FALSE,0
8,FALSE,"literature",5,14,2222,182,FALSE,FALSE,FALSE,0
8,FALSE,"literature",5,14,2222,182,FALSE,FALSE,FALSE,0
8,FALSE,"literature",5,14,2222,182,FALSE,FALSE,FALSE,0
8,FALSE,"literature",5,14,2222,182,FALSE,FALSE,FALSE,0
8,FALSE,"literature",5,14,2222,182,FALSE,FALSE,FALSE,0
8,FALSE,"literature",5,14,2222,182,FALSE,FALSE,FALSE,0
8,FALSE,"literature",5,14,2222,128,TRUE,FALSE,FALSE,1
8,FALSE,"literature",5,14,2222,192,TRUE,FALSE,FALSE,1
8,FALSE,"literature",5,14,2222,182,FALSE,FALSE,FALSE,0
8,FALSE,"literature",5,14,2222,182,FALSE,FALSE,FALSE,0
8,FALSE,"literature",5,14,2222,174,TRUE,FALSE,FALSE,1
8,FALSE,"literature",5,14,2222,128,TRUE,FALSE,FALSE,1
8,FALSE,"literature",5,14,2222,151,FALSE,FALSE,FALSE,1
8,FALSE,"literature",5,14,2222,157,TRUE,FALSE,FALSE,1
8,FALSE,"literature",5,14,2222,55,FALSE,FALSE,FALSE,1
8,FALSE,"literature",5,14,2222,174,TRUE,FALSE,FALSE,1
8,FALSE,"literature",5,14,2222,182,FALSE,FALSE,FALSE,0
8,FALSE,"literature",5,14,2222,0,FALSE,TRUE,FALSE,1
8,FALSE,"literature",5,14,2222,0,TRUE,FALSE,FALSE,1
8,FALSE,"literature",5,14,2222,191,TRUE,FALSE,TRUE,1
8,FALSE,"literature",5,14,2222,182,FALSE,FALSE,FALSE,0
8,FALSE,"literature",5,14,2222,113,TRUE,FALSE,FALSE,1
8,FALSE,"literature",5,14,2222,213,TRUE,FALSE,FALSE,1
8,FALSE,"literature",5,14,2222,128,TRUE,FALSE,FALSE,1
8,FALSE,"literature",5,14,2222,181,FALSE,FALSE,TRUE,0
8,FALSE,"literature",5,14,2222,181,FALSE,FALSE,TRUE,0
8,FALSE,"literature",5,14,2222,182,FALSE,FALSE,FALSE,0
8,FALSE,"literature",5,14,2222,192,TRUE,FALSE,FALSE,1
8,FALSE,"literature",5,14,2222,192,TRUE,FALSE,FALSE,1
8,FALSE,"literature",5,14,2222,174,TRUE,FALSE,FALSE,1
8,FALSE,"literature",5,14,2222,181,FALSE,FALSE,TRUE,0
8,FALSE,"literature",5,14,2222,182,FALSE,FALSE,FALSE,0
8,FALSE,"literature",5,14,2222,182,FALSE,FALSE,FALSE,0
8,FALSE,"literature",5,14,2222,182,FALSE,FALSE,FALSE,0
8,FALSE,"literature",5,14,2222,182,FALSE,FALSE,FALSE,0
8,FALSE,"literature",5,14,2222,113,TRUE,FALSE,FALSE,1
8,FALSE,"literature",5,14,2222,182,FALSE,FALSE,FALSE,0
8,FALSE,"literature",5,14,2222,59,TRUE,TRUE,FALSE,1
8,FALSE,"literature",5,14,2222,59,TRUE,TRUE,FALSE,1
8,FALSE,"literature",5,14,2222,70,TRUE,TRUE,FALSE,1
8,FALSE,"literature",5,14,2222,166,TRUE,TRUE,FALSE,1
8,FALSE,"literature",5,14,2222,131,TRUE,TRUE,FALSE,1
8,FALSE,"literature",5,14,2222,166,TRUE,TRUE,FALSE,1
21,FALSE,"literature",6,15,2401,182,FALSE,FALSE,FALSE,0
21,FALSE,"literature",6,15,2401,6,TRUE,FALSE,FALSE,1
21,FALSE,"literature",6,15,2401,155,TRUE,FALSE,FALSE,1
21,FALSE,"literature",6,15,2401,99,TRUE,FALSE,FALSE,1
21,FALSE,"literature",6,15,2401,7,TRUE,FALSE,FALSE,1
21,FALSE,"literature",6,15,2401,170,FALSE,TRUE,FALSE,1
21,FALSE,"literature",6,15,2401,25,FALSE,FALSE,FALSE,1
21,FALSE,"literature",6,15,2401,214,TRUE,FALSE,FALSE,1
21,FALSE,"literature",6,15,2401,155,TRUE,FALSE,FALSE,1
21,FALSE,"literature",6,15,2401,219,FALSE,FALSE,FALSE,1
21,FALSE,"literature",6,15,2401,98,TRUE,FALSE,FALSE,1
21,FALSE,"literature",6,15,2401,192,TRUE,FALSE,FALSE,1
21,FALSE,"literature",6,15,2401,118,TRUE,FALSE,FALSE,1
21,FALSE,"literature",6,15,2401,118,FALSE,FALSE,FALSE,1
21,FALSE,"literature",6,15,2401,192,TRUE,FALSE,FALSE,1
21,FALSE,"literature",6,15,2401,78,TRUE,FALSE,FALSE,1
21,FALSE,"literature",6,15,2401,212,TRUE,FALSE,FALSE,1
21,FALSE,"literature",6,15,2401,195,FALSE,FALSE,FALSE,1
21,FALSE,"literature",6,15,2401,212,TRUE,FALSE,FALSE,1
21,FALSE,"literature",6,15,2401,7,TRUE,FALSE,FALSE,1
21,FALSE,"literature",6,15,2401,6,TRUE,FALSE,FALSE,1
21,FALSE,"literature",6,15,2401,164,FALSE,FALSE,FALSE,1
21,FALSE,"literature",6,15,2401,78,TRUE,FALSE,FALSE,1
21,FALSE,"literature",6,15,2401,213,TRUE,FALSE,FALSE,1
21,FALSE,"literature",6,15,2401,227,TRUE,FALSE,FALSE,1
21,FALSE,"literature",6,15,2401,7,TRUE,FALSE,FALSE,1
21,FALSE,"literature",6,15,2401,151,FALSE,FALSE,FALSE,1
21,FALSE,"literature",6,15,2401,152,FALSE,FALSE,FALSE,0
21,FALSE,"literature",6,15,2401,218,TRUE,FALSE,FALSE,1
21,FALSE,"literature",6,15,2401,192,TRUE,FALSE,FALSE,1
21,FALSE,"literature",6,15,2401,139,TRUE,FALSE,FALSE,1
21,FALSE,"literature",6,15,2401,21,TRUE,FALSE,FALSE,1
21,FALSE,"literature",6,15,2401,78,TRUE,FALSE,FALSE,1
21,FALSE,"literature",6,15,2401,176,FALSE,FALSE,FALSE,0
21,FALSE,"literature",6,15,2401,6,TRUE,FALSE,FALSE,1
21,FALSE,"literature",6,15,2401,201,TRUE,FALSE,FALSE,1
21,FALSE,"literature",6,15,2401,118,TRUE,FALSE,FALSE,1
21,FALSE,"literature",6,15,2401,118,FALSE,FALSE,FALSE,1
21,FALSE,"literature",6,15,2401,78,TRUE,FALSE,FALSE,1
21,FALSE,"literature",6,15,2401,152,FALSE,FALSE,FALSE,0
21,FALSE,"literature",6,15,2401,3,TRUE,TRUE,FALSE,1
